days,upper_threshold,lower_threshold,ret,trd_cnt
2,0.2,0.2,0.07242,233
2,0.2,0.3,0.08964,203
2,0.2,0.4,0.10176,179
2,0.2,0.5,0.1104,165
2,0.2,0.6,0.11396,141
2,0.2,0.7,0.09154,129
2,0.2,0.8,-0.02203,117
2,0.2,0.9,-0.01013,113
2,0.2,1,-0.02676,105
2,0.2,1.1,-0.01757,93
2,0.2,1.2,0.07017,77
2,0.3,0.2,0.02137,217
2,0.3,0.3,0.05028,191
2,0.3,0.4,0.07668,167
2,0.3,0.5,0.10178,153
2,0.3,0.6,0.13425,129
2,0.3,0.7,0.08635,125
2,0.3,0.8,-0.01629,113
2,0.3,0.9,-0.00439,109
2,0.3,1,-0.00271,101
2,0.3,1.1,0.00648,89
2,0.3,1.2,0.09149,73
2,0.4,0.2,0.05568,193
2,0.4,0.3,0.09063,167
2,0.4,0.4,0.10483,151
2,0.4,0.5,0.1648,141
2,0.4,0.6,0.19727,117
2,0.4,0.7,0.13118,117
2,0.4,0.8,0.08696,105
2,0.4,0.9,0.09887,101
2,0.4,1,-0.00833,97
2,0.4,1.1,-0.02001,89
2,0.4,1.2,0.06407,73
2,0.5,0.2,0.13257,159
2,0.5,0.3,0.1803,141
2,0.5,0.4,0.15295,129
2,0.5,0.5,0.14482,125
2,0.5,0.6,0.16725,109
2,0.5,0.7,0.13309,109
2,0.5,0.8,0.06829,101
2,0.5,0.9,0.08019,97
2,0.5,1,-0.02701,93
2,0.5,1.1,-0.03869,85
2,0.5,1.2,0.03048,73
2,0.6,0.2,0.16922,127
2,0.6,0.3,0.19573,113
2,0.6,0.4,0.16201,109
2,0.6,0.5,0.16023,105
2,0.6,0.6,0.19308,89
2,0.6,0.7,0.18389,89
2,0.6,0.8,0.16631,81
2,0.6,0.9,0.16631,81
2,0.6,1,0.05911,77
2,0.6,1.1,0.03896,73
2,0.6,1.2,0.04996,65
2,0.7,0.2,0.1731,111
2,0.7,0.3,0.19794,99
2,0.7,0.4,0.18225,95
2,0.7,0.5,0.18047,91
2,0.7,0.6,0.20022,79
2,0.7,0.7,0.20022,79
2,0.7,0.8,0.18264,71
2,0.7,0.9,0.18264,71
2,0.7,1,0.0705,69
2,0.7,1.1,0.05035,65
2,0.7,1.2,0.06134,57
2,0.8,0.2,0.17278,95
2,0.8,0.3,0.19762,83
2,0.8,0.4,0.18193,79
2,0.8,0.5,0.16117,79
2,0.8,0.6,0.18756,71
2,0.8,0.7,0.18756,71
2,0.8,0.8,0.18399,67
2,0.8,0.9,0.18399,67
2,0.8,1,0.07185,65
2,0.8,1.1,0.04873,61
2,0.8,1.2,0.05973,53
2,0.9,0.2,0.20839,79
2,0.9,0.3,0.23436,67
2,0.9,0.4,0.24164,63
2,0.9,0.5,0.22089,63
2,0.9,0.6,0.24082,59
2,0.9,0.7,0.24082,59
2,0.9,0.8,0.25279,55
2,0.9,0.9,0.25279,55
2,0.9,1,0.14066,53
2,0.9,1.1,0.11754,49
2,0.9,1.2,0.12853,41
2,1,0.2,0.21499,69
2,1,0.3,0.21886,65
2,1,0.4,0.22614,61
2,1,0.5,0.20539,61
2,1,0.6,0.23013,57
2,1,0.7,0.23013,57
2,1,0.8,0.2757,53
2,1,0.9,0.2757,53
2,1,1,0.16356,51
2,1,1.1,0.15829,51
2,1,1.2,0.11588,43
2,1.1,0.2,0.21554,57
2,1.1,0.3,0.21942,53
2,1.1,0.4,0.22542,53
2,1.1,0.5,0.22542,53
2,1.1,0.6,0.25017,49
2,1.1,0.7,0.25017,49
2,1.1,0.8,0.29573,45
2,1.1,0.9,0.29573,45
2,1.1,1,0.27115,43
2,1.1,1.1,0.26588,43
2,1.1,1.2,0.14486,39
2,1.2,0.2,0.22707,53
2,1.2,0.3,0.23094,49
2,1.2,0.4,0.23695,49
2,1.2,0.5,0.23695,49
2,1.2,0.6,0.22389,49
2,1.2,0.7,0.22389,49
2,1.2,0.8,0.26946,45
2,1.2,0.9,0.26946,45
2,1.2,1,0.24488,43
2,1.2,1.1,0.2396,43
2,1.2,1.2,0.14486,39
3,0.2,0.2,0.06873,197
3,0.2,0.3,0.10984,165
3,0.2,0.4,0.12062,147
3,0.2,0.5,0.10528,135
3,0.2,0.6,0.05054,119
3,0.2,0.7,0.05974,115
3,0.2,0.8,-0.04249,89
3,0.2,0.9,-0.03056,81
3,0.2,1,0.12124,57
3,0.2,1.1,0.12034,53
3,0.2,1.2,0.06864,49
3,0.3,0.2,0.01719,169
3,0.3,0.3,0.07465,141
3,0.3,0.4,0.07727,131
3,0.3,0.5,0.06599,119
3,0.3,0.6,0.02813,107
3,0.3,0.7,0.04899,103
3,0.3,0.8,-0.03493,77
3,0.3,0.9,-0.03791,73
3,0.3,1,0.12213,53
3,0.3,1.1,0.12123,49
3,0.3,1.2,0.08382,45
3,0.4,0.2,0.20731,131
3,0.4,0.3,0.20628,115
3,0.4,0.4,0.16194,115
3,0.4,0.5,0.15066,103
3,0.4,0.6,0.15303,95
3,0.4,0.7,0.15303,95
3,0.4,0.8,-0.03436,73
3,0.4,0.9,-0.03735,69
3,0.4,1,0.07091,53
3,0.4,1.1,0.07002,49
3,0.4,1.2,0.04921,45
3,0.5,0.2,0.2708,103
3,0.5,0.3,0.26237,91
3,0.5,0.4,0.23829,91
3,0.5,0.5,0.21549,83
3,0.5,0.6,0.2274,79
3,0.5,0.7,0.2274,79
3,0.5,0.8,0.01942,61
3,0.5,0.9,0.00454,61
3,0.5,1,0.08473,49
3,0.5,1.1,0.08384,45
3,0.5,1.2,0.06303,41
3,0.6,0.2,0.22418,93
3,0.6,0.3,0.21391,85
3,0.6,0.4,0.18983,85
3,0.6,0.5,0.23435,77
3,0.6,0.6,0.20846,77
3,0.6,0.7,0.20846,77
3,0.6,0.8,0.00326,63
3,0.6,0.9,-0.01163,63
3,0.6,1,0.05425,51
3,0.6,1.1,0.05335,47
3,0.6,1.2,0.03254,43
3,0.7,0.2,0.16489,81
3,0.7,0.3,0.16191,73
3,0.7,0.4,0.14891,73
3,0.7,0.5,0.19343,65
3,0.7,0.6,0.17674,65
3,0.7,0.7,0.17674,65
3,0.7,0.8,0.03799,53
3,0.7,0.9,0.02311,53
3,0.7,1,0.05529,47
3,0.7,1.1,0.06706,43
3,0.7,1.2,0.04625,39
3,0.8,0.2,0.18781,53
3,0.8,0.3,0.1759,53
3,0.8,0.4,0.16291,53
3,0.8,0.5,0.20097,49
3,0.8,0.6,0.18428,49
3,0.8,0.7,0.18428,49
3,0.8,0.8,0.05954,41
3,0.8,0.9,0.04465,41
3,0.8,1,0.09313,39
3,0.8,1.1,0.10489,35
3,0.8,1.2,0.10489,35
3,0.9,0.2,0.0932,37
3,0.9,0.3,0.08611,37
3,0.9,0.4,0.08611,37
3,0.9,0.5,0.11563,37
3,0.9,0.6,0.11448,37
3,0.9,0.7,0.11448,37
3,0.9,0.8,0.03345,33
3,0.9,0.9,0.02569,33
3,0.9,1,0.00574,33
3,0.9,1.1,0.04973,29
3,0.9,1.2,0.04973,29
3,1,0.2,0.06866,33
3,1,0.3,0.06157,33
3,1,0.4,0.06157,33
3,1,0.5,0.09108,33
3,1,0.6,0.08993,33
3,1,0.7,0.08993,33
3,1,0.8,0.08125,33
3,1,0.9,0.0735,33
3,1,1,0.05355,33
3,1,1.1,0.09754,29
3,1,1.2,0.09754,29
3,1.1,0.2,0.04387,29
3,1.1,0.3,0.04869,29
3,1.1,0.4,0.04869,29
3,1.1,0.5,0.0782,29
3,1.1,0.6,0.07705,29
3,1.1,0.7,0.07705,29
3,1.1,0.8,0.06837,29
3,1.1,0.9,0.06061,29
3,1.1,1,0.04067,29
3,1.1,1.1,0.09754,29
3,1.1,1.2,0.09754,29
3,1.2,0.2,0.0764,21
3,1.2,0.3,0.08121,21
3,1.2,0.4,0.08121,21
3,1.2,0.5,0.11073,21
3,1.2,0.6,0.10958,21
3,1.2,0.7,0.10958,21
3,1.2,0.8,0.1009,21
3,1.2,0.9,0.1009,21
3,1.2,1,0.08372,21
3,1.2,1.1,0.14059,21
3,1.2,1.2,0.14059,21
4,0.2,0.2,0.13554,157
4,0.2,0.3,0.17023,133
4,0.2,0.4,0.17264,111
4,0.2,0.5,0.132,99
4,0.2,0.6,0.12903,87
4,0.2,0.7,0.11873,63
4,0.2,0.8,0.06241,53
4,0.2,0.9,-0.01132,49
4,0.2,1,0.01754,45
4,0.2,1.1,0.01664,41
4,0.2,1.2,0.00642,33
4,0.3,0.2,0.182,131
4,0.3,0.3,0.22321,111
4,0.3,0.4,0.18183,99
4,0.3,0.5,0.18143,91
4,0.3,0.6,0.24877,79
4,0.3,0.7,0.11205,59
4,0.3,0.8,0.05572,49
4,0.3,0.9,-0.01801,45
4,0.3,1,0.02514,41
4,0.3,1.1,0.02424,37
4,0.3,1.2,-0.00557,33
4,0.4,0.2,0.24959,107
4,0.4,0.3,0.23014,99
4,0.4,0.4,0.19186,87
4,0.4,0.5,0.18862,83
4,0.4,0.6,0.22306,75
4,0.4,0.7,0.08106,55
4,0.4,0.8,0.00995,49
4,0.4,0.9,-0.04788,45
4,0.4,1,0.01186,41
4,0.4,1.1,0.01096,37
4,0.4,1.2,-0.01885,33
4,0.5,0.2,0.26181,85
4,0.5,0.3,0.25926,77
4,0.5,0.4,0.22042,73
4,0.5,0.5,0.21008,73
4,0.5,0.6,0.20672,69
4,0.5,0.7,0.07046,53
4,0.5,0.8,0.06558,47
4,0.5,0.9,0.00774,43
4,0.5,1,0.00774,43
4,0.5,1.1,0.01951,39
4,0.5,1.2,-0.01031,35
4,0.6,0.2,0.19596,53
4,0.6,0.3,0.21944,49
4,0.6,0.4,0.20644,49
4,0.6,0.5,0.2053,49
4,0.6,0.6,0.20108,45
4,0.6,0.7,0.11513,37
4,0.6,0.8,0.10163,35
4,0.6,0.9,0.04379,31
4,0.6,1,0.04379,31
4,0.6,1.1,0.05555,27
4,0.6,1.2,0.02574,23
4,0.7,0.2,0.1493,37
4,0.7,0.3,0.16571,37
4,0.7,0.4,0.16571,37
4,0.7,0.5,0.16456,37
4,0.7,0.6,0.1601,37
4,0.7,0.7,0.08104,29
4,0.7,0.8,0.06636,29
4,0.7,0.9,0.00852,25
4,0.7,1,0.00852,25
4,0.7,1.1,0.02029,21
4,0.7,1.2,-0.00953,17
4,0.8,0.2,0.13532,29
4,0.8,0.3,0.14974,29
4,0.8,0.4,0.14974,29
4,0.8,0.5,0.14859,29
4,0.8,0.6,0.14859,29
4,0.8,0.7,0.06952,21
4,0.8,0.8,0.05485,21
4,0.8,0.9,-0.01088,21
4,0.8,1,-0.01088,21
4,0.8,1.1,0.00089,17
4,0.8,1.2,-0.00024,13
4,0.9,0.2,0.11447,17
4,0.9,0.3,0.1376,17
4,0.9,0.4,0.1376,17
4,0.9,0.5,0.13645,17
4,0.9,0.6,0.13645,17
4,0.9,0.7,0.05542,13
4,0.9,0.8,0.04075,13
4,0.9,0.9,0.01415,13
4,0.9,1,0.01415,13
4,0.9,1.1,0.05815,9
4,0.9,1.2,0.02991,9
4,1,0.2,0.09963,9
4,1,0.3,0.12834,9
4,1,0.4,0.12834,9
4,1,0.5,0.12719,9
4,1,0.6,0.12719,9
4,1,0.7,0.11851,9
4,1,0.8,0.10384,9
4,1,0.9,0.10384,9
4,1,1,0.10384,9
4,1,1.1,0.10595,9
4,1,1.2,0.07772,9
4,1.1,0.2,0.09963,9
4,1.1,0.3,0.12834,9
4,1.1,0.4,0.12834,9
4,1.1,0.5,0.12719,9
4,1.1,0.6,0.12719,9
4,1.1,0.7,0.11851,9
4,1.1,0.8,0.10384,9
4,1.1,0.9,0.10384,9
4,1.1,1,0.10384,9
4,1.1,1.1,0.10595,9
4,1.1,1.2,0.07772,9
4,1.2,0.2,0.06866,5
4,1.2,0.3,0.08299,5
4,1.2,0.4,0.08299,5
4,1.2,0.5,0.08248,5
4,1.2,0.6,0.08248,5
4,1.2,0.7,0.07818,5
4,1.2,0.8,0.06351,5
4,1.2,0.9,0.06351,5
4,1.2,1,0.06351,5
4,1.2,1.1,0.06351,5
4,1.2,1.2,0.05003,5
5,0.2,0.2,0.19345,129
5,0.2,0.3,0.08624,121
5,0.2,0.4,0.20983,95
5,0.2,0.5,0.17188,83
5,0.2,0.6,0.18248,71
5,0.2,0.7,0.09282,55
5,0.2,0.8,0.06834,45
5,0.2,0.9,0.00873,41
5,0.2,1,-0.00493,33
5,0.2,1.1,-0.01003,25
5,0.2,1.2,-0.04127,21
5,0.3,0.2,0.22559,107
5,0.3,0.3,0.16631,99
5,0.3,0.4,0.21001,83
5,0.3,0.5,0.12161,75
5,0.3,0.6,0.15061,63
5,0.3,0.7,0.04811,51
5,0.3,0.8,0.05164,41
5,0.3,0.9,-0.02757,41
5,0.3,1,-0.04123,33
5,0.3,1.1,-0.03366,25
5,0.3,1.2,-0.05481,21
5,0.4,0.2,0.22314,95
5,0.4,0.3,0.16696,87
5,0.4,0.4,0.217,71
5,0.4,0.5,0.13211,67
5,0.4,0.6,0.14154,59
5,0.4,0.7,0.05196,47
5,0.4,0.8,0.05549,37
5,0.4,0.9,-0.02372,37
5,0.4,1,-0.03338,29
5,0.4,1.1,-0.02581,21
5,0.4,1.2,-0.04696,17
5,0.5,0.2,0.28334,57
5,0.5,0.3,0.27073,57
5,0.5,0.4,0.26131,53
5,0.5,0.5,0.16508,53
5,0.5,0.6,0.14654,49
5,0.5,0.7,0.08324,37
5,0.5,0.8,0.11021,33
5,0.5,0.9,0.03101,33
5,0.5,1,0.01115,29
5,0.5,1.1,-0.02666,21
5,0.5,1.2,-0.04781,17
5,0.6,0.2,0.24476,37
5,0.6,0.3,0.23696,37
5,0.6,0.4,0.23362,37
5,0.6,0.5,0.17926,37
5,0.6,0.6,0.19002,37
5,0.6,0.7,0.12475,29
5,0.6,0.8,0.13972,27
5,0.6,0.9,0.06052,27
5,0.6,1,0.04066,23
5,0.6,1.1,0.02788,17
5,0.6,1.2,0.00674,13
5,0.7,0.2,0.17015,17
5,0.7,0.3,0.16868,17
5,0.7,0.4,0.16868,17
5,0.7,0.5,0.16,17
5,0.7,0.6,0.14751,17
5,0.7,0.7,0.08765,13
5,0.7,0.8,0.07297,13
5,0.7,0.9,0.01962,13
5,0.7,1,0.00134,13
5,0.7,1.1,-0.01145,7
5,0.7,1.2,-0.06273,7
5,0.8,0.2,0.17015,17
5,0.8,0.3,0.16868,17
5,0.8,0.4,0.16868,17
5,0.8,0.5,0.16,17
5,0.8,0.6,0.14751,17
5,0.8,0.7,0.08765,13
5,0.8,0.8,0.07297,13
5,0.8,0.9,0.01962,13
5,0.8,1,0.00134,13
5,0.8,1.1,-0.01145,7
5,0.8,1.2,-0.06273,7
5,0.9,0.2,0.12308,9
5,0.9,0.3,0.12719,9
5,0.9,0.4,0.12719,9
5,0.9,0.5,0.11851,9
5,0.9,0.6,0.11851,9
5,0.9,0.7,0.11851,9
5,0.9,0.8,0.10384,9
5,0.9,0.9,0.07708,9
5,0.9,1,0.06027,9
5,0.9,1.1,0.01228,7
5,0.9,1.2,-0.03901,7
5,1,0.2,0.08062,5
5,1,0.3,0.08248,5
5,1,0.4,0.08248,5
5,1,0.5,0.07818,5
5,1,0.6,0.07818,5
5,1,0.7,0.07818,5
5,1,0.8,0.06351,5
5,1,0.9,0.05003,5
5,1,1,0.04158,5
5,1,1.1,-0.00705,3
5,1,1.2,-0.03263,3
5,1.1,0.2,0.08062,5
5,1.1,0.3,0.08248,5
5,1.1,0.4,0.08248,5
5,1.1,0.5,0.07818,5
5,1.1,0.6,0.07818,5
5,1.1,0.7,0.07818,5
5,1.1,0.8,0.06351,5
5,1.1,0.9,0.05003,5
5,1.1,1,0.04158,5
5,1.1,1.1,-0.00705,3
5,1.1,1.2,-0.03263,3
5,1.2,0.2,0.08062,5
5,1.2,0.3,0.08248,5
5,1.2,0.4,0.08248,5
5,1.2,0.5,0.07818,5
5,1.2,0.6,0.07818,5
5,1.2,0.7,0.07818,5
5,1.2,0.8,0.06351,5
5,1.2,0.9,0.05003,5
5,1.2,1,0.04158,5
5,1.2,1.1,-0.00705,3
5,1.2,1.2,-0.03263,3
6,0.2,0.2,0.13223,117
6,0.2,0.3,0.04862,113
6,0.2,0.4,0.06928,83
6,0.2,0.5,0.04058,63
6,0.2,0.6,0.12022,49
6,0.2,0.7,0.09327,49
6,0.2,0.8,0.03441,41
6,0.2,0.9,-0.02109,37
6,0.2,1,-0.07053,29
6,0.2,1.1,-0.05434,21
6,0.2,1.2,-0.07549,17
6,0.3,0.2,0.26308,91
6,0.3,0.3,0.20692,91
6,0.3,0.4,0.09723,75
6,0.3,0.5,0.04102,59
6,0.3,0.6,0.0954,45
6,0.3,0.7,0.06845,45
6,0.3,0.8,0.02087,41
6,0.3,0.9,-0.03462,37
6,0.3,1,-0.08406,29
6,0.3,1.1,-0.06787,21
6,0.3,1.2,-0.08902,17
6,0.4,0.2,0.23936,77
6,0.4,0.3,0.20319,77
6,0.4,0.4,0.08255,69
6,0.4,0.5,0.02033,57
6,0.4,0.6,0.07627,43
6,0.4,0.7,0.04932,43
6,0.4,0.8,0.00175,39
6,0.4,0.9,-0.05374,35
6,0.4,1,-0.15876,27
6,0.4,1.1,-0.14257,19
6,0.4,1.2,-0.18938,15
6,0.5,0.2,0.21209,53
6,0.5,0.3,0.19608,53
6,0.5,0.4,0.08357,49
6,0.5,0.5,0.00082,41
6,0.5,0.6,0.11645,31
6,0.5,0.7,0.0895,31
6,0.5,0.8,0.06273,31
6,0.5,0.9,0.00724,27
6,0.5,1,-0.07275,25
6,0.5,1.1,-0.02433,17
6,0.5,1.2,-0.04548,13
6,0.6,0.2,0.15215,29
6,0.6,0.3,0.15215,29
6,0.6,0.4,0.15215,29
6,0.6,0.5,0.07112,25
6,0.6,0.6,0.05569,25
6,0.6,0.7,0.02874,25
6,0.6,0.8,0.00198,25
6,0.6,0.9,-0.05352,21
6,0.6,1,-0.09487,19
6,0.6,1.1,-0.04646,11
6,0.6,1.2,-0.0676,7
6,0.7,0.2,0.13645,17
6,0.7,0.3,0.13645,17
6,0.7,0.4,0.13645,17
6,0.7,0.5,0.05542,13
6,0.7,0.6,0.04075,13
6,0.7,0.7,0.04075,13
6,0.7,0.8,0.01398,13
6,0.7,0.9,-0.01408,13
6,0.7,1,-0.05544,11
6,0.7,1.1,-0.01631,7
6,0.7,1.2,-0.0676,7
6,0.8,0.2,0.11191,13
6,0.8,0.3,0.11191,13
6,0.8,0.4,0.11191,13
6,0.8,0.5,0.10323,13
6,0.8,0.6,0.08856,13
6,0.8,0.7,0.08856,13
6,0.8,0.8,0.06179,13
6,0.8,0.9,0.03372,13
6,0.8,1,-0.03171,11
6,0.8,1.1,0.00741,7
6,0.8,1.2,-0.04388,7
6,0.9,0.2,0.08248,5
6,0.9,0.3,0.08248,5
6,0.9,0.4,0.08248,5
6,0.9,0.5,0.07818,5
6,0.9,0.6,0.06351,5
6,0.9,0.7,0.06351,5
6,0.9,0.8,0.05003,5
6,0.9,0.9,0.05003,5
6,0.9,1,-0.00705,3
6,0.9,1.1,-0.00705,3
6,0.9,1.2,-0.03263,3
6,1,0.2,0.08248,5
6,1,0.3,0.08248,5
6,1,0.4,0.08248,5
6,1,0.5,0.07818,5
6,1,0.6,0.06351,5
6,1,0.7,0.06351,5
6,1,0.8,0.05003,5
6,1,0.9,0.05003,5
6,1,1,-0.00705,3
6,1,1.1,-0.00705,3
6,1,1.2,-0.03263,3
6,1.1,0.2,0.08248,5
6,1.1,0.3,0.08248,5
6,1.1,0.4,0.08248,5
6,1.1,0.5,0.07818,5
6,1.1,0.6,0.06351,5
6,1.1,0.7,0.06351,5
6,1.1,0.8,0.05003,5
6,1.1,0.9,0.05003,5
6,1.1,1,-0.00705,3
6,1.1,1.1,-0.00705,3
6,1.1,1.2,-0.03263,3
6,1.2,0.2,0.08248,5
6,1.2,0.3,0.08248,5
6,1.2,0.4,0.08248,5
6,1.2,0.5,0.07818,5
6,1.2,0.6,0.06351,5
6,1.2,0.7,0.06351,5
6,1.2,0.8,0.05003,5
6,1.2,0.9,0.05003,5
6,1.2,1,-0.00705,3
6,1.2,1.1,-0.00705,3
6,1.2,1.2,-0.03263,3
7,0.2,0.2,0.13081,113
7,0.2,0.3,0.0479,105
7,0.2,0.4,0.0255,75
7,0.2,0.5,0.02296,57
7,0.2,0.6,0.06853,45
7,0.2,0.7,-0.01392,41
7,0.2,0.8,-0.02109,37
7,0.2,0.9,-0.06392,33
7,0.2,1,-0.07053,29
7,0.2,1.1,-0.07778,21
7,0.2,1.2,-0.07549,17
7,0.3,0.2,0.30804,71
7,0.3,0.3,0.24975,71
7,0.3,0.4,0.09404,55
7,0.3,0.5,0.02821,45
7,0.3,0.6,0.08601,37
7,0.3,0.7,0.00356,33
7,0.3,0.8,-0.02321,33
7,0.3,0.9,-0.06604,29
7,0.3,1,-0.07265,25
7,0.3,1.1,-0.08347,17
7,0.3,1.2,-0.08117,13
7,0.4,0.2,0.17387,57
7,0.4,0.3,0.13556,57
7,0.4,0.4,-0.0035,49
7,0.4,0.5,-0.07766,43
7,0.4,0.6,0.00834,35
7,0.4,0.7,-0.05862,31
7,0.4,0.8,-0.08538,31
7,0.4,0.9,-0.1754,27
7,0.4,1,-0.20059,27
7,0.4,1.1,-0.17776,19
7,0.4,1.2,-0.18938,15
7,0.5,0.2,0.2266,29
7,0.5,0.3,0.2266,29
7,0.5,0.4,0.22239,25
7,0.5,0.5,0.20099,23
7,0.5,0.6,0.20099,23
7,0.5,0.7,0.14723,19
7,0.5,0.8,0.12046,19
7,0.5,0.9,0.07183,17
7,0.5,1,0.05503,17
7,0.5,1.1,0.08961,9
7,0.5,1.2,0.06176,9
7,0.6,0.2,0.11191,13
7,0.6,0.3,0.11191,13
7,0.6,0.4,0.11191,13
7,0.6,0.5,0.08856,13
7,0.6,0.6,0.08856,13
7,0.6,0.7,0.06049,13
7,0.6,0.8,0.03372,13
7,0.6,0.9,-0.01491,11
7,0.6,1,-0.03171,11
7,0.6,1.1,-0.01603,7
7,0.6,1.2,-0.04388,7
7,0.7,0.2,0.11191,13
7,0.7,0.3,0.11191,13
7,0.7,0.4,0.11191,13
7,0.7,0.5,0.08856,13
7,0.7,0.6,0.08856,13
7,0.7,0.7,0.06049,13
7,0.7,0.8,0.03372,13
7,0.7,0.9,-0.01491,11
7,0.7,1,-0.03171,11
7,0.7,1.1,-0.01603,7
7,0.7,1.2,-0.04388,7
7,0.8,0.2,0.11191,13
7,0.8,0.3,0.11191,13
7,0.8,0.4,0.11191,13
7,0.8,0.5,0.08856,13
7,0.8,0.6,0.08856,13
7,0.8,0.7,0.06049,13
7,0.8,0.8,0.03372,13
7,0.8,0.9,-0.01491,11
7,0.8,1,-0.03171,11
7,0.8,1.1,-0.01603,7
7,0.8,1.2,-0.04388,7
7,0.9,0.2,0.08248,5
7,0.9,0.3,0.08248,5
7,0.9,0.4,0.08248,5
7,0.9,0.5,0.06351,5
7,0.9,0.6,0.06351,5
7,0.9,0.7,0.06351,5
7,0.9,0.8,0.05003,5
7,0.9,0.9,0.0014,3
7,0.9,1,-0.00705,3
7,0.9,1.1,-0.0187,3
7,0.9,1.2,-0.03263,3
7,1,0.2,0.08248,5
7,1,0.3,0.08248,5
7,1,0.4,0.08248,5
7,1,0.5,0.06351,5
7,1,0.6,0.06351,5
7,1,0.7,0.06351,5
7,1,0.8,0.05003,5
7,1,0.9,0.0014,3
7,1,1,-0.00705,3
7,1,1.1,-0.0187,3
7,1,1.2,-0.03263,3
7,1.1,0.2,0.08248,5
7,1.1,0.3,0.08248,5
7,1.1,0.4,0.08248,5
7,1.1,0.5,0.06351,5
7,1.1,0.6,0.06351,5
7,1.1,0.7,0.06351,5
7,1.1,0.8,0.05003,5
7,1.1,0.9,0.0014,3
7,1.1,1,-0.00705,3
7,1.1,1.1,-0.0187,3
7,1.1,1.2,-0.03263,3
7,1.2,0.2,0.08248,5
7,1.2,0.3,0.08248,5
7,1.2,0.4,0.08248,5
7,1.2,0.5,0.06351,5
7,1.2,0.6,0.06351,5
7,1.2,0.7,0.06351,5
7,1.2,0.8,0.05003,5
7,1.2,0.9,0.0014,3
7,1.2,1,-0.00705,3
7,1.2,1.1,-0.0187,3
7,1.2,1.2,-0.03263,3
8,0.2,0.2,0.09914,101
8,0.2,0.3,0.14932,83
8,0.2,0.4,0.01411,61
8,0.2,0.5,0.0562,41
8,0.2,0.6,-0.03624,37
8,0.2,0.7,0.00424,33
8,0.2,0.8,-0.01385,25
8,0.2,0.9,-0.05248,25
8,0.2,1,-0.04473,21
8,0.2,1.1,-0.06773,13
8,0.2,1.2,-0.09712,9
8,0.3,0.2,0.28545,71
8,0.3,0.3,0.24421,67
8,0.3,0.4,0.01679,53
8,0.3,0.5,0.03463,37
8,0.3,0.6,-0.05781,33
8,0.3,0.7,-0.01733,29
8,0.3,0.8,-0.03542,21
8,0.3,0.9,-0.07405,21
8,0.3,1,-0.0663,17
8,0.3,1.1,-0.07342,9
8,0.3,1.2,-0.10119,5
8,0.4,0.2,0.20569,45
8,0.4,0.3,0.16738,45
8,0.4,0.4,0.14347,35
8,0.4,0.5,0.06684,31
8,0.4,0.6,-0.06877,27
8,0.4,0.7,-0.03964,23
8,0.4,0.8,-0.06094,19
8,0.4,0.9,-0.09958,19
8,0.4,1,-0.09958,19
8,0.4,1.1,-0.15241,11
8,0.4,1.2,-0.20706,7
8,0.5,0.2,0.23198,21
8,0.5,0.3,0.23198,21
8,0.5,0.4,0.19463,19
8,0.5,0.5,0.17455,15
8,0.5,0.6,0.12572,15
8,0.5,0.7,0.09896,13
8,0.5,0.8,0.05539,13
8,0.5,0.9,0.05539,13
8,0.5,1,0.05539,13
8,0.5,1.1,0.07537,5
8,0.5,1.2,0.07537,5
8,0.6,0.2,0.11227,9
8,0.6,0.3,0.11227,9
8,0.6,0.4,0.09705,9
8,0.6,0.5,0.07414,9
8,0.6,0.6,0.03898,9
8,0.6,0.7,0.01222,7
8,0.6,0.8,-0.03135,7
8,0.6,0.9,-0.03135,7
8,0.6,1,-0.03135,7
8,0.6,1.1,-0.03027,3
8,0.6,1.2,-0.03027,3
8,0.7,0.2,0.11227,9
8,0.7,0.3,0.11227,9
8,0.7,0.4,0.09705,9
8,0.7,0.5,0.07414,9
8,0.7,0.6,0.03898,9
8,0.7,0.7,0.01222,7
8,0.7,0.8,-0.03135,7
8,0.7,0.9,-0.03135,7
8,0.7,1,-0.03135,7
8,0.7,1.1,-0.03027,3
8,0.7,1.2,-0.03027,3
8,0.8,0.2,0.11227,9
8,0.8,0.3,0.11227,9
8,0.8,0.4,0.09705,9
8,0.8,0.5,0.07414,9
8,0.8,0.6,0.03898,9
8,0.8,0.7,0.01222,7
8,0.8,0.8,-0.03135,7
8,0.8,0.9,-0.03135,7
8,0.8,1,-0.03135,7
8,0.8,1.1,-0.03027,3
8,0.8,1.2,-0.03027,3
8,0.9,0.2,0,1
8,0.9,0.3,0,1
8,0.9,0.4,0,1
8,0.9,0.5,0,1
8,0.9,0.6,0,1
8,0.9,0.7,0,1
8,0.9,0.8,0,1
8,0.9,0.9,0,1
8,0.9,1,0,1
8,0.9,1.1,0,1
8,0.9,1.2,0,1
8,1,0.2,0,1
8,1,0.3,0,1
8,1,0.4,0,1
8,1,0.5,0,1
8,1,0.6,0,1
8,1,0.7,0,1
8,1,0.8,0,1
8,1,0.9,0,1
8,1,1,0,1
8,1,1.1,0,1
8,1,1.2,0,1
8,1.1,0.2,0,1
8,1.1,0.3,0,1
8,1.1,0.4,0,1
8,1.1,0.5,0,1
8,1.1,0.6,0,1
8,1.1,0.7,0,1
8,1.1,0.8,0,1
8,1.1,0.9,0,1
8,1.1,1,0,1
8,1.1,1.1,0,1
8,1.1,1.2,0,1
8,1.2,0.2,0,1
8,1.2,0.3,0,1
8,1.2,0.4,0,1
8,1.2,0.5,0,1
8,1.2,0.6,0,1
8,1.2,0.7,0,1
8,1.2,0.8,0,1
8,1.2,0.9,0,1
8,1.2,1,0,1
8,1.2,1.1,0,1
8,1.2,1.2,0,1
9,0.2,0.2,0.20296,93
9,0.2,0.3,0.22647,71
9,0.2,0.4,-0.0086,57
9,0.2,0.5,-0.03624,37
9,0.2,0.6,0.00424,33
9,0.2,0.7,-0.01385,25
9,0.2,0.8,-0.01385,25
9,0.2,0.9,-0.05248,25
9,0.2,1,-0.07003,17
9,0.2,1.1,-0.06773,13
9,0.2,1.2,-0.09712,9
9,0.3,0.2,0.34916,55
9,0.3,0.3,0.28918,51
9,0.3,0.4,0.17136,37
9,0.3,0.5,0.02741,29
9,0.3,0.6,0.06789,25
9,0.3,0.7,0.0498,17
9,0.3,0.8,0.0498,17
9,0.3,0.9,0.01117,17
9,0.3,1,0.00175,13
9,0.3,1.1,-0.01834,9
9,0.3,1.2,-0.10119,5
9,0.4,0.2,0.22555,41
9,0.4,0.3,0.19195,41
9,0.4,0.4,0.15316,31
9,0.4,0.5,-0.00271,27
9,0.4,0.6,-0.03964,23
9,0.4,0.7,-0.06094,19
9,0.4,0.8,-0.06094,19
9,0.4,0.9,-0.09958,19
9,0.4,1,-0.12074,15
9,0.4,1.1,-0.15241,11
9,0.4,1.2,-0.20706,7
9,0.5,0.2,0.23198,21
9,0.5,0.3,0.23198,21
9,0.5,0.4,0.19463,19
9,0.5,0.5,0.12572,15
9,0.5,0.6,0.09896,13
9,0.5,0.7,0.05539,13
9,0.5,0.8,0.05539,13
9,0.5,0.9,0.05539,13
9,0.5,1,0.04598,9
9,0.5,1.1,0.07537,5
9,0.5,1.2,0.07537,5
9,0.6,0.2,0.11227,9
9,0.6,0.3,0.11227,9
9,0.6,0.4,0.09705,9
9,0.6,0.5,0.03898,9
9,0.6,0.6,0.01222,7
9,0.6,0.7,-0.03135,7
9,0.6,0.8,-0.03135,7
9,0.6,0.9,-0.03135,7
9,0.6,1,-0.05965,7
9,0.6,1.1,-0.03027,3
9,0.6,1.2,-0.03027,3
9,0.7,0.2,0.11227,9
9,0.7,0.3,0.11227,9
9,0.7,0.4,0.09705,9
9,0.7,0.5,0.03898,9
9,0.7,0.6,0.01222,7
9,0.7,0.7,-0.03135,7
9,0.7,0.8,-0.03135,7
9,0.7,0.9,-0.03135,7
9,0.7,1,-0.05965,7
9,0.7,1.1,-0.03027,3
9,0.7,1.2,-0.03027,3
9,0.8,0.2,0.11227,9
9,0.8,0.3,0.11227,9
9,0.8,0.4,0.09705,9
9,0.8,0.5,0.03898,9
9,0.8,0.6,0.01222,7
9,0.8,0.7,-0.03135,7
9,0.8,0.8,-0.03135,7
9,0.8,0.9,-0.03135,7
9,0.8,1,-0.05965,7
9,0.8,1.1,-0.03027,3
9,0.8,1.2,-0.03027,3
9,0.9,0.2,0,1
9,0.9,0.3,0,1
9,0.9,0.4,0,1
9,0.9,0.5,0,1
9,0.9,0.6,0,1
9,0.9,0.7,0,1
9,0.9,0.8,0,1
9,0.9,0.9,0,1
9,0.9,1,0,1
9,0.9,1.1,0,1
9,0.9,1.2,0,1
9,1,0.2,0,1
9,1,0.3,0,1
9,1,0.4,0,1
9,1,0.5,0,1
9,1,0.6,0,1
9,1,0.7,0,1
9,1,0.8,0,1
9,1,0.9,0,1
9,1,1,0,1
9,1,1.1,0,1
9,1,1.2,0,1
9,1.1,0.2,0,1
9,1.1,0.3,0,1
9,1.1,0.4,0,1
9,1.1,0.5,0,1
9,1.1,0.6,0,1
9,1.1,0.7,0,1
9,1.1,0.8,0,1
9,1.1,0.9,0,1
9,1.1,1,0,1
9,1.1,1.1,0,1
9,1.1,1.2,0,1
9,1.2,0.2,0,1
9,1.2,0.3,0,1
9,1.2,0.4,0,1
9,1.2,0.5,0,1
9,1.2,0.6,0,1
9,1.2,0.7,0,1
9,1.2,0.8,0,1
9,1.2,0.9,0,1
9,1.2,1,0,1
9,1.2,1.1,0,1
9,1.2,1.2,0,1
10,0.2,0.2,0.30828,71
10,0.2,0.3,0.22168,57
10,0.2,0.4,0.04703,45
10,0.2,0.5,0.05986,21
10,0.2,0.6,0.05986,21
10,0.2,0.7,0.0163,21
10,0.2,0.8,0.01444,17
10,0.2,0.9,-0.04764,17
10,0.2,1,-0.04764,17
10,0.2,1.1,-0.0639,9
10,0.2,1.2,-0.09127,5
10,0.3,0.2,0.35368,51
10,0.3,0.3,0.27755,41
10,0.3,0.4,0.19684,29
10,0.3,0.5,0.09336,17
10,0.3,0.6,0.09336,17
10,0.3,0.7,0.0498,17
10,0.3,0.8,0.06383,13
10,0.3,0.9,0.00175,13
10,0.3,1,0.00175,13
10,0.3,1.1,-0.01834,9
10,0.3,1.2,-0.10119,5
10,0.4,0.2,0.23056,37
10,0.4,0.3,0.20734,31
10,0.4,0.4,0.19715,27
10,0.4,0.5,0.00436,19
10,0.4,0.6,0.00436,19
10,0.4,0.7,-0.06094,19
10,0.4,0.8,-0.04692,15
10,0.4,0.9,-0.12074,15
10,0.4,1,-0.12074,15
10,0.4,1.1,-0.15241,11
10,0.4,1.2,-0.20706,7
10,0.5,0.2,0.23198,21
10,0.5,0.3,0.23393,19
10,0.5,0.4,0.19463,19
10,0.5,0.5,0.09896,13
10,0.5,0.6,0.09896,13
10,0.5,0.7,0.05539,13
10,0.5,0.8,0.06942,9
10,0.5,0.9,0.04598,9
10,0.5,1,0.04598,9
10,0.5,1.1,0.07537,5
10,0.5,1.2,0.07537,5
10,0.6,0.2,0.11227,9
10,0.6,0.3,0.11227,9
10,0.6,0.4,0.09705,9
10,0.6,0.5,0.01222,7
10,0.6,0.6,0.01222,7
10,0.6,0.7,-0.03135,7
10,0.6,0.8,-0.03621,7
10,0.6,0.9,-0.05965,7
10,0.6,1,-0.05965,7
10,0.6,1.1,-0.03027,3
10,0.6,1.2,-0.03027,3
10,0.7,0.2,0.11227,9
10,0.7,0.3,0.11227,9
10,0.7,0.4,0.09705,9
10,0.7,0.5,0.01222,7
10,0.7,0.6,0.01222,7
10,0.7,0.7,-0.03135,7
10,0.7,0.8,-0.03621,7
10,0.7,0.9,-0.05965,7
10,0.7,1,-0.05965,7
10,0.7,1.1,-0.03027,3
10,0.7,1.2,-0.03027,3
10,0.8,0.2,0.11227,9
10,0.8,0.3,0.11227,9
10,0.8,0.4,0.09705,9
10,0.8,0.5,0.01222,7
10,0.8,0.6,0.01222,7
10,0.8,0.7,-0.03135,7
10,0.8,0.8,-0.03621,7
10,0.8,0.9,-0.05965,7
10,0.8,1,-0.05965,7
10,0.8,1.1,-0.03027,3
10,0.8,1.2,-0.03027,3
10,0.9,0.2,0,1
10,0.9,0.3,0,1
10,0.9,0.4,0,1
10,0.9,0.5,0,1
10,0.9,0.6,0,1
10,0.9,0.7,0,1
10,0.9,0.8,0,1
10,0.9,0.9,0,1
10,0.9,1,0,1
10,0.9,1.1,0,1
10,0.9,1.2,0,1
10,1,0.2,0,1
10,1,0.3,0,1
10,1,0.4,0,1
10,1,0.5,0,1
10,1,0.6,0,1
10,1,0.7,0,1
10,1,0.8,0,1
10,1,0.9,0,1
10,1,1,0,1
10,1,1.1,0,1
10,1,1.2,0,1
10,1.1,0.2,0,1
10,1.1,0.3,0,1
10,1.1,0.4,0,1
10,1.1,0.5,0,1
10,1.1,0.6,0,1
10,1.1,0.7,0,1
10,1.1,0.8,0,1
10,1.1,0.9,0,1
10,1.1,1,0,1
10,1.1,1.1,0,1
10,1.1,1.2,0,1
10,1.2,0.2,0,1
10,1.2,0.3,0,1
10,1.2,0.4,0,1
10,1.2,0.5,0,1
10,1.2,0.6,0,1
10,1.2,0.7,0,1
10,1.2,0.8,0,1
10,1.2,0.9,0,1
10,1.2,1,0,1
10,1.2,1.1,0,1
10,1.2,1.2,0,1